Cột 1,Cột 2,Cột 3,Cột 4,Cột 5,Cột 6,Cột 7,Cột 8,Cột 9,Cột 10,Cột 11,Cột 12,Cột 13,Cột 14,Cột 15,Cột 16,Cột 17,Cột 18,Cột 19,Cột 20,Cột 21,Cột 22,Cột 23,Cột 24,Cột 25,Cột 26,Cột 27,Cột 28,Cột 29,Cột 30,Cột 31,Cột 32
Có,Nam,18-25,Bán hàng và Tiếp thị,Trên 10 năm,Hàng tháng,2,1,4,4,3,3,2,3,5,5,1,4,1,4,4,1,2,3,3,4,4,4,1,3,3,5
Có,Nam,Từ 45 trở lên,Bán hàng và Tiếp thị,Dưới 1 năm,Hàng ngày,4,2,2,4,4,2,1,3,5,2,3,3,5,4,5,3,1,3,5,1,1,3,3,4,4,5
Không,,,,,,,,,,,,,,,,,,,,,,,,,,,,,,,
Có,Nam,26-35,Tài chính,5-10 năm,Hàng ngày,3,5,4,1,1,2,4,2,5,3,1,2,2,3,4,5,1,1,1,3,4,2,5,2,3,4
Không,,,,,,,,,,,,,,,,,,,,,,,,,,,,,,,
Có,Nam,18-25,Bán hàng và Tiếp thị,1-5 năm,Hàng ngày,2,3,5,2,3,3,4,1,1,4,5,5,2,1,5,3,2,1,3,5,2,4,4,2,5,3
Không,,,,,,,,,,,,,,,,,,,,,,,,,,,,,,,
Không,,,,,,,,,,,,,,,,,,,,,,,,,,,,,,,
Có,Nữ,Từ 45 trở lên,Bán hàng và Tiếp thị,5-10 năm,Hàng ngày,4,4,1,2,2,4,5,5,4,1,1,3,4,3,1,1,3,2,1,3,2,2,2,1,5,4
Có,Nam,26-35,Nghiên cứu và Phát triển,Dưới 1 năm,Hàng ngày,3,5,4,3,3,2,1,5,3,4,3,1,3,4,1,5,4,4,4,1,5,1,2,1,5,1
Có,Nam,26-35,Sản xuất,1-5 năm,Hàng tuần,1,4,2,1,2,1,3,1,4,3,2,5,2,4,2,1,1,3,4,3,1,2,5,2,1,5
Có,Nữ,18-25,Nghiên cứu và Phát triển,5-10 năm,Hàng tuần,5,2,3,2,3,1,2,5,1,2,4,3,5,1,4,3,1,2,2,1,4,4,3,2,1,3
Có,Nam,26-35,Bán hàng và Tiếp thị,1-5 năm,Hàng tuần,1,1,5,1,4,1,4,5,5,1,4,4,1,1,1,2,2,4,1,3,2,5,1,4,2,4
Có,Nam,36-45,Nhân sự,Dưới 1 năm,Hàng tháng,5,2,3,3,5,2,1,4,1,1,2,4,5,2,4,4,4,2,2,2,3,4,3,3,5,2
Có,Nam,26-35,Nghiên cứu và Phát triển,1-5 năm,Hàng ngày,4,5,1,1,3,4,3,2,5,5,4,4,2,5,4,1,3,1,2,3,5,4,3,5,3,3
Có,Nữ,26-35,Bán hàng và Tiếp thị,Dưới 1 năm,Hàng ngày,1,3,2,5,4,2,4,3,2,4,2,5,4,2,2,3,5,4,1,3,4,5,5,1,1,1
Không,,,,,,,,,,,,,,,,,,,,,,,,,,,,,,,
Không,,,,,,,,,,,,,,,,,,,,,,,,,,,,,,,
Không,,,,,,,,,,,,,,,,,,,,,,,,,,,,,,,
Không,,,,,,,,,,,,,,,,,,,,,,,,,,,,,,,
Có,Nam,36-45,Sản xuất,5-10 năm,Hàng ngày,4,1,4,2,2,2,1,3,1,2,5,3,1,4,5,1,3,5,1,5,5,1,2,5,3,4
Có,Nam,26-35,Tài chính,Trên 10 năm,Hàng ngày,1,3,2,4,2,5,5,3,3,1,3,1,3,2,2,4,2,5,4,4,3,4,2,5,4,5
Có,Nam,26-35,Sản xuất,1-5 năm,Hàng ngày,3,1,3,4,2,5,2,4,5,3,1,3,5,5,5,4,1,2,5,5,5,4,1,2,3,2
Có,Nữ,36-45,Bán hàng và Tiếp thị,1-5 năm,Hiếm khi,1,3,4,2,2,1,1,4,5,2,4,3,1,2,1,3,2,5,2,1,1,4,5,5,3,1
Không,,,,,,,,,,,,,,,,,,,,,,,,,,,,,,,
Có,Nữ,26-35,Bán hàng và Tiếp thị,Dưới 1 năm,Hàng tuần,1,5,5,2,5,1,4,3,2,4,2,3,2,3,4,5,1,2,5,1,3,4,1,1,4,5
Có,Nữ,Từ 45 trở lên,Bán hàng và Tiếp thị,1-5 năm,Hàng tuần,2,3,5,3,1,3,2,2,2,4,5,2,4,2,1,2,5,2,1,4,2,1,5,2,4,1
Có,Nam,18-25,Sản xuất,5-10 năm,Hàng tháng,1,5,1,1,5,3,1,2,3,3,1,2,2,1,1,1,5,5,2,3,3,5,4,3,5,5
Không,,,,,,,,,,,,,,,,,,,,,,,,,,,,,,,
Có,Nam,36-45,Tài chính,Dưới 1 năm,Hàng tuần,4,5,5,5,3,3,3,2,3,1,1,5,3,1,1,4,5,3,5,5,5,2,5,5,3,3
Có,Nam,18-25,Nghiên cứu và Phát triển,5-10 năm,Hàng ngày,3,3,1,3,1,1,5,4,3,3,4,3,3,5,5,3,4,2,2,5,1,4,2,1,2,5
Có,Nam,18-25,Bán hàng và Tiếp thị,1-5 năm,Hàng ngày,5,3,5,4,3,2,2,1,3,2,1,4,1,3,2,3,1,4,5,5,1,5,2,5,4,4
Có,Nam,18-25,Sản xuất,5-10 năm,Hàng tháng,2,5,4,3,5,4,5,1,5,5,5,5,5,2,3,2,5,4,3,4,5,4,3,4,1,4
Có,Nam,18-25,Tài chính,Dưới 1 năm,Hàng tuần,2,2,4,3,5,1,2,3,5,1,3,2,3,1,2,1,2,4,5,4,2,3,4,4,1,1
Có,Nữ,36-45,Tài chính,Dưới 1 năm,Hàng ngày,3,2,3,3,2,1,1,5,3,3,1,4,5,5,4,5,2,2,5,3,2,4,3,4,3,4
Có,Nam,26-35,Nghiên cứu và Phát triển,1-5 năm,Hàng ngày,1,2,4,4,1,5,4,5,2,3,1,4,4,1,4,3,5,5,5,4,1,4,4,4,3,4
Có,Nam,26-35,Bán hàng và Tiếp thị,5-10 năm,Hiếm khi,5,1,5,5,1,2,4,2,5,4,3,3,2,3,1,5,1,5,5,5,2,5,4,2,3,2
Có,Nữ,26-35,Nghiên cứu và Phát triển,Dưới 1 năm,Hiếm khi,1,2,1,4,3,3,5,3,5,3,5,4,4,4,3,4,2,3,1,2,1,1,2,1,3,1
Có,Nữ,36-45,Sản xuất,1-5 năm,Hàng ngày,5,4,5,1,1,2,3,4,1,1,4,4,5,5,4,2,4,5,5,1,5,5,4,1,4,4
Có,Nam,18-25,Nghiên cứu và Phát triển,1-5 năm,Hàng tuần,4,5,4,4,4,5,5,2,2,4,5,4,2,5,5,3,3,4,5,2,1,5,4,2,2,2
Không,,,,,,,,,,,,,,,,,,,,,,,,,,,,,,,
Có,Nam,18-25,Nghiên cứu và Phát triển,Dưới 1 năm,Hàng ngày,5,4,3,2,3,3,5,5,3,5,2,1,1,3,3,5,5,1,3,1,3,1,4,5,2,4
Có,Nam,26-35,Tài chính,1-5 năm,Hàng tháng,4,1,3,4,3,4,4,1,3,5,2,2,1,4,5,3,4,1,4,2,5,2,5,4,5,1
Không,,,,,,,,,,,,,,,,,,,,,,,,,,,,,,,
Không,,,,,,,,,,,,,,,,,,,,,,,,,,,,,,,
Có,Nam,26-35,Sản xuất,Dưới 1 năm,Hàng tuần,4,1,5,3,4,2,2,3,1,2,4,3,3,4,4,1,3,4,5,4,5,3,4,1,2,3
Có,Nữ,Từ 45 trở lên,Nghiên cứu và Phát triển,1-5 năm,Hàng ngày,3,2,1,2,4,1,4,2,4,3,5,4,4,3,4,1,2,2,3,5,2,3,3,5,4,2
Có,Nữ,26-35,Sản xuất,Dưới 1 năm,Hàng ngày,5,3,5,2,2,5,3,2,4,3,1,3,5,2,3,1,1,3,1,1,5,2,4,3,5,5
Có,Nam,18-25,Bán hàng và Tiếp thị,1-5 năm,Hàng tuần,3,5,2,3,4,5,2,1,2,3,5,5,3,5,5,3,2,4,5,2,1,5,3,4,3,5
Không,,,,,,,,,,,,,,,,,,,,,,,,,,,,,,,
Không,,,,,,,,,,,,,,,,,,,,,,,,,,,,,,,
Có,Nam,26-35,Nghiên cứu và Phát triển,Dưới 1 năm,Hàng tháng,2,5,5,5,2,4,1,2,2,4,4,4,5,4,5,1,5,1,2,1,4,2,2,2,5,4
Không,,,,,,,,,,,,,,,,,,,,,,,,,,,,,,,
Có,Nam,26-35,Tài chính,5-10 năm,Hàng ngày,4,2,3,3,5,4,2,5,2,1,5,4,4,5,1,1,2,5,3,5,3,3,5,1,3,5
Có,Nam,36-45,Sản xuất,5-10 năm,Hiếm khi,1,5,1,1,2,2,4,2,5,2,5,1,4,5,4,3,1,3,3,1,4,2,5,1,4,5
Có,Nam,26-35,Sản xuất,1-5 năm,Hàng tuần,3,2,3,5,4,2,3,1,3,2,5,4,5,4,2,1,4,1,1,4,1,2,2,5,4,4
Có,Nam,18-25,Sản xuất,1-5 năm,Hàng ngày,2,1,3,1,2,3,3,2,1,2,5,3,5,5,2,1,1,4,3,1,5,1,4,2,5,1
Không,,,,,,,,,,,,,,,,,,,,,,,,,,,,,,,
Không,,,,,,,,,,,,,,,,,,,,,,,,,,,,,,,
Không,,,,,,,,,,,,,,,,,,,,,,,,,,,,,,,
Có,Nam,36-45,Tài chính,1-5 năm,Hàng tháng,1,3,1,5,5,1,2,3,1,3,5,5,4,4,1,1,1,1,5,1,5,3,2,2,5,3
Có,Nam,Từ 45 trở lên,Tài chính,5-10 năm,Hàng tuần,5,5,2,3,5,5,1,5,2,3,2,1,3,5,4,2,3,1,4,1,2,3,3,5,5,3
Có,Nữ,26-35,Bán hàng và Tiếp thị,Trên 10 năm,Hàng tuần,2,3,5,1,3,4,3,5,1,4,4,1,3,3,4,4,3,5,3,2,3,1,5,2,5,1
Có,Nam,18-25,Nghiên cứu và Phát triển,1-5 năm,Hàng ngày,4,4,1,4,1,1,3,4,5,2,2,1,4,1,2,3,1,2,5,3,4,2,2,5,1,5
Có,Nam,Từ 45 trở lên,Sản xuất,Dưới 1 năm,Hàng tuần,4,3,1,4,1,3,5,3,3,2,1,2,4,5,3,2,2,4,5,1,3,2,3,1,5,1
Có,Nữ,26-35,Sản xuất,Dưới 1 năm,Hàng tuần,2,3,4,3,3,1,2,1,3,5,1,1,2,2,1,3,4,4,1,2,3,3,3,4,5,2
Có,Nam,36-45,Bán hàng và Tiếp thị,1-5 năm,Hàng ngày,2,3,1,2,1,3,3,5,2,5,1,3,5,2,2,3,1,2,4,5,1,3,3,4,2,1
Có,Nữ,26-35,Nhân sự,Dưới 1 năm,Hàng ngày,1,1,5,1,1,1,5,4,4,1,2,3,4,3,3,2,2,5,5,5,5,4,5,5,2,1
Có,Nam,18-25,Nghiên cứu và Phát triển,Trên 10 năm,Hàng ngày,3,4,5,3,5,4,2,1,5,5,3,4,5,5,1,2,5,3,2,2,3,3,2,4,1,5
Có,Nam,26-35,Sản xuất,1-5 năm,Hàng tháng,3,3,1,3,1,1,2,2,4,2,4,2,2,5,2,1,1,4,4,5,3,2,4,5,1,3
Có,Nam,18-25,Nghiên cứu và Phát triển,Dưới 1 năm,Hàng tuần,3,2,4,5,3,1,4,1,3,2,2,5,1,4,5,1,4,2,5,2,2,1,5,2,2,1
Có,Nam,26-35,Bán hàng và Tiếp thị,1-5 năm,Hàng ngày,5,4,5,3,5,3,4,1,5,3,1,3,2,5,5,1,2,4,2,3,4,4,5,3,2,1
Có,Nam,26-35,Sản xuất,1-5 năm,Hàng ngày,3,3,1,4,3,2,5,2,5,2,4,1,5,2,1,4,1,5,5,3,2,3,3,1,5,3
Không,,,,,,,,,,,,,,,,,,,,,,,,,,,,,,,
Có,Nam,36-45,Sản xuất,Trên 10 năm,Hàng tuần,5,3,2,4,3,3,4,4,1,1,2,2,4,2,5,5,1,2,4,4,2,4,2,1,2,1
Có,Nữ,36-45,Nghiên cứu và Phát triển,5-10 năm,Hàng tuần,2,3,4,2,4,5,5,3,2,4,2,4,2,2,5,4,3,1,2,5,5,2,5,4,1,3
Có,Nam,26-35,Nghiên cứu và Phát triển,Dưới 1 năm,Hàng tuần,3,5,4,2,3,2,5,5,2,5,4,2,2,1,1,1,5,4,5,4,2,5,3,3,4,2
Có,Nữ,26-35,Sản xuất,1-5 năm,Hiếm khi,2,2,2,5,5,1,4,3,2,1,3,4,1,5,1,4,3,3,5,1,1,2,5,1,1,5
Không,,,,,,,,,,,,,,,,,,,,,,,,,,,,,,,
Có,Nữ,26-35,Bán hàng và Tiếp thị,5-10 năm,Hàng tuần,3,3,1,1,5,4,2,1,2,3,1,3,1,4,1,5,5,4,3,5,1,1,3,1,2,4
Không,,,,,,,,,,,,,,,,,,,,,,,,,,,,,,,
Có,Nữ,36-45,Nghiên cứu và Phát triển,1-5 năm,Hàng tuần,5,2,5,3,3,5,5,3,3,4,2,1,3,2,4,3,3,5,1,1,4,1,5,1,1,3
Có,Nữ,26-35,Bán hàng và Tiếp thị,1-5 năm,Hàng tuần,3,1,1,2,1,3,2,5,2,1,4,3,2,5,3,2,2,5,1,4,4,1,4,1,5,4
Có,Nam,26-35,Bán hàng và Tiếp thị,Dưới 1 năm,Hàng tháng,1,4,2,2,2,1,2,5,3,2,3,1,3,5,1,3,2,5,1,2,2,4,3,1,5,1
Có,Nam,Từ 45 trở lên,Nhân sự,Dưới 1 năm,Hàng ngày,2,4,2,1,5,4,4,5,1,1,5,1,3,2,4,2,2,5,1,4,1,3,3,2,1,5
Có,Nam,18-25,Nhân sự,Dưới 1 năm,Hàng tuần,3,2,3,3,5,1,3,4,2,2,2,1,2,4,1,4,5,2,1,2,5,3,4,5,4,4
Không,,,,,,,,,,,,,,,,,,,,,,,,,,,,,,,
Có,Nữ,36-45,Bán hàng và Tiếp thị,Dưới 1 năm,Hàng ngày,2,5,2,3,4,2,5,3,3,4,1,4,3,4,1,5,5,5,5,4,3,1,5,5,5,5
Có,Nữ,26-35,Nghiên cứu và Phát triển,5-10 năm,Hàng ngày,2,5,4,4,4,4,5,3,5,5,4,5,3,4,1,5,3,5,1,2,5,1,5,3,4,2
Có,Nam,Từ 45 trở lên,Sản xuất,Dưới 1 năm,Hàng ngày,3,1,2,5,2,3,4,4,4,5,3,3,4,4,4,2,4,2,5,4,4,1,2,2,4,4
Có,Nữ,36-45,Tài chính,1-5 năm,Hàng tuần,4,5,5,4,3,2,4,3,1,5,2,1,5,1,2,5,5,3,1,2,1,1,2,3,2,3
Không,,,,,,,,,,,,,,,,,,,,,,,,,,,,,,,
Có,Nam,18-25,Bán hàng và Tiếp thị,1-5 năm,Hàng tuần,4,4,2,2,5,1,1,1,3,4,5,2,1,1,1,4,4,4,4,3,2,3,3,3,1,5
Có,Nữ,18-25,Bán hàng và Tiếp thị,5-10 năm,Hàng ngày,5,5,4,1,2,1,5,2,1,2,2,1,4,5,3,4,3,5,4,4,5,3,2,5,1,2
Có,Nữ,18-25,Tài chính,1-5 năm,Hàng ngày,2,2,1,2,2,5,2,2,5,3,4,2,4,2,1,3,5,1,3,5,2,3,2,1,5,5
Không,,,,,,,,,,,,,,,,,,,,,,,,,,,,,,,
Không,,,,,,,,,,,,,,,,,,,,,,,,,,,,,,,
Không,,,,,,,,,,,,,,,,,,,,,,,,,,,,,,,
Có,Nam,26-35,Nghiên cứu và Phát triển,1-5 năm,Hàng tuần,4,1,1,3,3,3,5,5,2,4,5,5,3,1,2,1,4,2,1,1,2,5,3,4,2,5
Không,,,,,,,,,,,,,,,,,,,,,,,,,,,,,,,
Có,Nữ,26-35,Nghiên cứu và Phát triển,5-10 năm,Hàng tuần,2,4,4,1,4,2,1,4,4,4,1,1,3,4,1,1,2,1,3,5,4,4,2,2,2,2
Không,,,,,,,,,,,,,,,,,,,,,,,,,,,,,,,
Có,Nam,26-35,Tài chính,Dưới 1 năm,Hàng tuần,4,3,1,3,3,4,4,1,1,3,5,1,5,5,3,2,5,1,2,5,1,1,1,3,2,4
Có,Nữ,18-25,Bán hàng và Tiếp thị,Dưới 1 năm,Hiếm khi,5,2,4,1,4,4,2,5,4,2,1,2,2,2,5,1,1,5,5,2,2,1,1,5,3,4
Có,Nam,26-35,Tài chính,1-5 năm,Hiếm khi,1,4,1,2,3,3,3,1,2,4,1,4,2,5,1,3,4,2,1,3,2,2,2,3,3,4
Có,Nam,26-35,Bán hàng và Tiếp thị,1-5 năm,Hàng tháng,2,1,3,2,5,4,3,2,1,2,3,4,3,3,5,3,2,4,3,2,4,2,1,4,5,3
Có,Nam,36-45,Bán hàng và Tiếp thị,Trên 10 năm,Hàng ngày,1,4,1,4,1,5,2,3,5,4,4,3,2,3,3,1,4,2,4,3,3,4,3,5,4,5
Có,Nam,Từ 45 trở lên,Tài chính,1-5 năm,Hàng tháng,4,4,3,4,1,3,5,1,1,2,2,3,4,2,1,4,2,3,4,1,4,3,5,5,2,3
Có,Nữ,18-25,Sản xuất,5-10 năm,Hàng ngày,4,2,1,4,3,5,2,4,3,5,4,4,4,2,1,1,2,2,2,2,4,2,3,5,2,1
Có,Nữ,Từ 45 trở lên,Bán hàng và Tiếp thị,Dưới 1 năm,Hàng tháng,2,2,3,2,2,4,1,5,4,5,1,5,1,1,3,5,1,3,3,5,1,1,4,3,2,1
Có,Nữ,26-35,Tài chính,1-5 năm,Hàng ngày,2,2,5,2,2,1,3,4,2,4,5,4,2,5,1,4,5,3,4,5,2,3,5,3,1,1
Có,Nam,18-25,Nghiên cứu và Phát triển,Trên 10 năm,Hàng ngày,5,5,2,1,3,5,3,3,5,4,2,3,2,4,2,3,3,3,2,5,4,5,2,3,3,1
Có,Nữ,36-45,Bán hàng và Tiếp thị,Dưới 1 năm,Hàng tuần,2,3,1,4,4,1,1,5,1,5,4,3,1,3,1,5,1,2,3,2,4,3,1,2,1,3
Có,Nữ,36-45,Nhân sự,1-5 năm,Hiếm khi,2,4,4,5,4,3,3,1,5,2,3,2,2,3,5,2,4,5,1,3,3,4,4,4,5,5
Có,Nữ,26-35,Nhân sự,1-5 năm,Hàng ngày,4,2,5,5,1,4,1,1,3,3,1,3,1,5,1,5,4,4,1,5,2,3,1,2,3,1
Có,Nam,Từ 45 trở lên,Bán hàng và Tiếp thị,Dưới 1 năm,Hàng tháng,4,3,2,4,3,1,3,2,2,5,1,4,5,4,3,5,1,1,2,1,1,2,2,2,2,3
Có,Nữ,Từ 45 trở lên,Bán hàng và Tiếp thị,1-5 năm,Hàng tuần,2,2,1,5,2,2,3,1,5,5,3,2,3,1,2,4,3,2,2,2,4,2,4,5,2,3
Có,Nữ,18-25,Nghiên cứu và Phát triển,Dưới 1 năm,Hàng ngày,5,3,1,3,2,3,1,2,3,1,1,3,3,4,5,5,2,4,3,4,4,1,3,4,5,4
Không,,,,,,,,,,,,,,,,,,,,,,,,,,,,,,,
Không,,,,,,,,,,,,,,,,,,,,,,,,,,,,,,,
Có,Nữ,18-25,Bán hàng và Tiếp thị,Dưới 1 năm,Hàng ngày,1,3,3,2,1,1,4,5,5,2,1,5,4,2,4,1,4,5,1,5,3,2,1,3,3,3
Có,Nam,36-45,Bán hàng và Tiếp thị,Dưới 1 năm,Hàng tuần,3,2,4,5,3,4,1,5,3,1,4,4,3,5,3,4,1,2,5,5,5,2,5,3,3,2
Có,Nam,26-35,Sản xuất,1-5 năm,Hàng ngày,1,3,5,1,4,3,4,1,2,5,1,5,1,2,2,4,5,1,5,3,3,5,4,2,4,5
Có,Nam,18-25,Tài chính,1-5 năm,Hiếm khi,5,3,2,5,2,3,3,1,3,1,2,5,2,3,1,3,3,3,5,5,1,2,1,3,1,5
Có,Nam,18-25,Bán hàng và Tiếp thị,1-5 năm,Hàng ngày,5,1,5,5,2,4,1,1,5,1,3,1,4,1,2,3,1,3,4,3,5,4,1,4,4,5
Có,Nữ,26-35,Bán hàng và Tiếp thị,1-5 năm,Hàng ngày,2,1,3,1,2,2,1,4,5,3,5,4,1,1,3,1,2,3,5,4,2,1,3,3,2,5
Có,Nam,Từ 45 trở lên,Bán hàng và Tiếp thị,Dưới 1 năm,Hàng ngày,4,2,4,4,3,2,1,4,3,5,4,4,3,3,1,2,5,4,3,1,1,3,3,2,3,3
Có,Nam,36-45,Nghiên cứu và Phát triển,1-5 năm,Hàng ngày,4,2,1,5,5,1,1,4,4,1,5,5,3,2,5,2,2,3,4,5,5,1,2,5,3,5
Có,Nam,36-45,Tài chính,1-5 năm,Hiếm khi,5,5,1,1,1,1,3,5,2,3,3,4,3,1,4,1,3,1,3,3,1,3,2,1,2,2
Có,Nam,36-45,Bán hàng và Tiếp thị,Dưới 1 năm,Hàng ngày,2,4,5,1,4,4,1,2,2,4,2,5,4,3,4,4,4,2,3,3,5,1,1,5,1,5
Có,Nam,18-25,Sản xuất,1-5 năm,Hàng ngày,5,4,1,5,5,1,5,4,3,3,2,3,4,1,2,4,4,2,3,4,1,5,3,5,5,1
Có,Nam,18-25,Bán hàng và Tiếp thị,Dưới 1 năm,Hiếm khi,3,5,1,1,4,4,5,3,3,5,5,5,3,4,1,5,2,5,4,3,3,1,3,4,4,4
Có,Nam,26-35,Tài chính,1-5 năm,Hàng tháng,3,2,4,5,5,5,1,3,5,3,3,4,2,1,5,4,5,2,5,5,3,1,4,4,4,1
Có,Nam,26-35,Tài chính,5-10 năm,Hàng tháng,4,1,2,4,4,4,4,1,3,2,4,3,3,3,4,3,1,3,4,4,5,2,4,4,5,4
Không,,,,,,,,,,,,,,,,,,,,,,,,,,,,,,,
Có,Nam,18-25,Nghiên cứu và Phát triển,5-10 năm,Hàng tuần,5,5,1,3,3,1,5,3,3,4,4,3,1,1,4,5,5,2,2,2,1,1,3,3,2,4
Có,Nam,18-25,Sản xuất,1-5 năm,Hàng tháng,4,4,5,2,1,5,5,1,1,2,2,3,4,3,2,3,2,4,5,5,1,3,3,1,3,5
Có,Nam,26-35,Nhân sự,Trên 10 năm,Hàng ngày,4,5,3,3,3,4,2,4,4,5,3,5,4,3,1,5,3,5,5,5,4,1,1,2,4,4
Có,Nam,36-45,Nghiên cứu và Phát triển,1-5 năm,Hàng tháng,3,1,2,2,3,1,1,5,4,1,1,2,4,1,3,3,2,2,5,2,5,5,5,5,2,3
Có,Nam,Từ 45 trở lên,Bán hàng và Tiếp thị,1-5 năm,Hàng ngày,5,2,1,4,3,1,3,5,1,1,4,5,5,1,3,1,3,3,1,5,4,4,4,4,1,5
Có,Nữ,Từ 45 trở lên,Tài chính,Dưới 1 năm,Hàng tuần,1,4,1,2,5,3,2,3,3,1,4,2,4,4,1,2,1,3,5,1,2,4,2,4,3,2
Có,Nam,18-25,Nghiên cứu và Phát triển,1-5 năm,Hiếm khi,5,5,1,5,5,3,5,3,1,4,5,5,2,5,1,2,2,2,3,5,3,1,1,2,3,5
Có,Nữ,Từ 45 trở lên,Nghiên cứu và Phát triển,1-5 năm,Hàng tháng,1,2,2,5,1,4,2,5,4,5,5,1,4,5,3,3,5,4,5,2,3,2,2,5,4,1
Có,Nam,Từ 45 trở lên,Bán hàng và Tiếp thị,Trên 10 năm,Hàng ngày,3,5,5,5,3,2,5,1,3,2,3,1,2,3,2,5,5,4,2,5,3,3,3,1,5,4
Không,,,,,,,,,,,,,,,,,,,,,,,,,,,,,,,
Có,Nữ,26-35,Bán hàng và Tiếp thị,1-5 năm,Hàng tuần,4,2,1,3,1,4,2,2,4,2,2,4,4,2,1,5,3,1,5,2,2,5,5,2,3,4
Không,,,,,,,,,,,,,,,,,,,,,,,,,,,,,,,
Có,Nữ,26-35,Nghiên cứu và Phát triển,1-5 năm,Hàng tuần,5,4,2,5,4,4,5,5,4,2,2,5,1,4,5,3,4,3,2,3,4,4,1,3,1,3
Có,Nữ,36-45,Nghiên cứu và Phát triển,Dưới 1 năm,Hàng tháng,2,4,1,4,5,1,4,5,1,5,3,5,1,3,3,2,5,3,1,1,4,2,2,2,5,5
Có,Nam,26-35,Tài chính,1-5 năm,Hàng tuần,5,3,5,1,3,4,5,4,4,5,5,2,5,1,4,5,5,1,2,2,3,1,1,3,4,5
Có,Nam,Từ 45 trở lên,Nghiên cứu và Phát triển,Dưới 1 năm,Hàng ngày,1,1,1,4,3,5,1,4,4,5,1,2,3,1,2,1,2,4,2,1,4,4,3,4,2,3
Có,Nữ,26-35,Nghiên cứu và Phát triển,Trên 10 năm,Hàng tháng,3,3,5,1,4,3,5,2,2,4,3,3,3,1,3,2,1,3,3,4,3,3,2,3,2,3
Có,Nữ,18-25,Bán hàng và Tiếp thị,Dưới 1 năm,Hàng tháng,5,5,4,1,2,1,4,3,1,2,1,3,1,2,3,1,2,3,3,5,3,4,2,1,5,2
Có,Nam,36-45,Tài chính,5-10 năm,Hàng ngày,1,5,4,2,4,3,5,2,4,3,1,3,3,2,4,3,1,1,1,3,5,2,3,3,3,1
Không,,,,,,,,,,,,,,,,,,,,,,,,,,,,,,,
Có,Nữ,26-35,Nghiên cứu và Phát triển,5-10 năm,Hàng tháng,5,1,2,1,2,3,5,5,3,3,5,3,5,2,2,3,1,2,1,5,4,1,1,2,1,3
Có,Nam,18-25,Nghiên cứu và Phát triển,Dưới 1 năm,Hàng ngày,4,4,5,5,2,5,5,1,3,4,4,5,5,4,1,4,3,1,2,5,3,3,1,3,1,3
Có,Nam,26-35,Sản xuất,1-5 năm,Hàng tuần,4,4,1,1,2,4,2,3,1,5,4,5,1,2,2,1,2,5,3,4,2,5,1,5,5,3
Có,Nam,Từ 45 trở lên,Tài chính,1-5 năm,Hàng ngày,4,4,4,1,2,5,3,4,5,5,1,5,1,1,3,4,4,1,2,5,3,1,1,5,1,4
Có,Nam,26-35,Bán hàng và Tiếp thị,1-5 năm,Hàng ngày,5,3,5,5,3,1,5,1,4,4,5,2,2,4,3,1,1,2,2,4,4,4,4,3,2,1
Có,Nam,26-35,Sản xuất,1-5 năm,Hàng tuần,1,5,2,1,3,2,1,3,4,3,4,2,2,5,5,5,5,3,5,3,1,1,4,1,2,3
Có,Nữ,36-45,Nhân sự,1-5 năm,Hàng tháng,5,1,1,4,2,1,3,5,1,2,1,1,1,2,3,1,3,3,1,3,1,2,3,4,2,4
Có,Nam,18-25,Nghiên cứu và Phát triển,1-5 năm,Hàng ngày,1,3,5,3,3,3,3,3,2,5,3,2,2,5,4,3,5,5,5,2,2,1,4,1,3,4
Có,Nữ,26-35,Bán hàng và Tiếp thị,Dưới 1 năm,Hàng tháng,4,3,2,4,1,2,2,2,5,1,4,3,1,3,5,5,5,2,3,3,5,3,5,1,2,3
Có,Nữ,26-35,Sản xuất,1-5 năm,Hàng ngày,2,3,5,1,3,4,5,2,4,1,1,5,4,2,1,5,2,1,4,4,5,3,5,4,5,4
Không,,,,,,,,,,,,,,,,,,,,,,,,,,,,,,,
Có,Nữ,18-25,Nghiên cứu và Phát triển,1-5 năm,Hàng tháng,4,1,2,3,2,5,1,5,1,5,3,5,1,2,2,4,5,1,3,4,1,5,1,4,4,1
Không,,,,,,,,,,,,,,,,,,,,,,,,,,,,,,,
Có,Nam,36-45,Nhân sự,5-10 năm,Hàng ngày,1,3,1,5,2,1,4,4,4,4,3,2,5,3,3,4,3,1,5,1,4,3,5,4,5,5
Có,Nữ,18-25,Bán hàng và Tiếp thị,1-5 năm,Hàng ngày,5,2,1,1,4,3,4,4,3,1,1,2,1,4,5,1,5,4,1,4,5,1,3,4,4,2
Có,Nữ,26-35,Nghiên cứu và Phát triển,Dưới 1 năm,Hàng ngày,3,2,4,5,2,2,2,2,1,3,4,2,4,2,2,4,5,4,4,2,4,2,1,2,4,5
Không,,,,,,,,,,,,,,,,,,,,,,,,,,,,,,,
Có,Nam,Từ 45 trở lên,Bán hàng và Tiếp thị,5-10 năm,Hàng ngày,2,3,5,4,3,4,2,4,3,4,1,4,5,4,3,5,3,3,2,5,2,5,2,3,5,2
Có,Nam,26-35,Bán hàng và Tiếp thị,Dưới 1 năm,Hiếm khi,3,1,4,5,4,3,4,2,5,2,1,4,3,2,1,4,2,5,2,3,4,2,3,5,3,2
Có,Nữ,26-35,Bán hàng và Tiếp thị,Dưới 1 năm,Hàng ngày,1,2,5,5,3,4,3,2,2,2,5,3,4,5,5,4,1,3,3,3,3,3,2,2,2,1
Có,Nam,26-35,Nghiên cứu và Phát triển,1-5 năm,Hàng ngày,3,5,4,5,2,2,5,3,3,2,1,1,3,2,5,3,3,4,4,3,1,2,5,4,5,2
Có,Nữ,26-35,Sản xuất,5-10 năm,Hàng ngày,5,2,2,5,3,1,2,1,4,3,2,2,3,1,3,3,2,2,4,4,2,4,4,5,4,4
Có,Nữ,18-25,Bán hàng và Tiếp thị,5-10 năm,Hàng tháng,1,1,4,1,3,5,3,4,5,5,1,4,1,5,1,2,4,3,3,1,1,2,5,2,4,1
Không,,,,,,,,,,,,,,,,,,,,,,,,,,,,,,,
Có,Nam,26-35,Tài chính,Dưới 1 năm,Hàng ngày,2,2,5,3,4,1,1,2,2,3,2,2,4,3,5,4,1,1,3,4,1,3,5,5,1,1
Có,Nam,18-25,Nghiên cứu và Phát triển,Dưới 1 năm,Hàng ngày,4,3,4,2,5,1,1,1,3,4,5,4,5,1,2,4,3,1,5,1,5,5,2,1,5,2
Không,,,,,,,,,,,,,,,,,,,,,,,,,,,,,,,
Có,Nam,Từ 45 trở lên,Nghiên cứu và Phát triển,Dưới 1 năm,Hàng ngày,3,2,3,4,2,1,5,4,5,2,1,4,1,4,1,3,3,2,2,4,2,2,2,5,1,2
Có,Nam,Từ 45 trở lên,Sản xuất,1-5 năm,Hàng tháng,1,5,3,2,4,5,5,3,2,3,2,3,4,2,3,4,4,2,2,1,1,5,5,2,4,3
Có,Nam,18-25,Bán hàng và Tiếp thị,Dưới 1 năm,Hàng ngày,1,3,2,5,3,5,5,2,2,1,1,4,5,1,5,1,2,1,2,3,2,3,5,3,4,3
Có,Nữ,26-35,Tài chính,1-5 năm,Hàng tuần,2,3,2,5,4,3,4,4,2,3,2,4,5,1,3,3,2,5,1,2,2,1,4,2,2,3
Có,Nữ,36-45,Nghiên cứu và Phát triển,Dưới 1 năm,Hàng tháng,2,5,5,2,1,4,5,4,1,3,3,1,4,2,5,1,3,2,3,2,3,5,4,1,1,2
Có,Nam,36-45,Nghiên cứu và Phát triển,5-10 năm,Hàng tháng,5,2,1,5,5,5,4,2,2,3,4,3,2,3,4,3,2,3,1,4,5,5,1,4,4,5
Không,,,,,,,,,,,,,,,,,,,,,,,,,,,,,,,
Có,Nữ,26-35,Nhân sự,1-5 năm,Hàng tuần,2,2,3,3,1,3,5,4,3,2,5,2,1,5,2,5,4,4,1,2,3,4,1,1,1,4
Có,Nữ,26-35,Bán hàng và Tiếp thị,Dưới 1 năm,Hàng tuần,4,1,1,1,5,5,3,3,1,3,2,4,3,1,1,4,3,5,1,4,5,4,5,2,1,1
Có,Nữ,18-25,Sản xuất,1-5 năm,Hàng ngày,1,4,2,2,1,5,5,3,3,2,4,4,2,1,5,1,4,2,1,1,3,3,5,5,2,1
Có,Nam,18-25,Nghiên cứu và Phát triển,Trên 10 năm,Hàng tuần,3,2,3,5,5,3,1,3,4,4,5,3,1,1,5,5,4,2,1,1,1,2,4,3,5,4
Có,Nữ,26-35,Bán hàng và Tiếp thị,Trên 10 năm,Hàng ngày,2,4,4,5,1,5,3,4,2,4,4,2,5,1,1,3,5,3,5,2,2,4,2,3,4,5
Có,Nữ,26-35,Nhân sự,1-5 năm,Hiếm khi,4,5,1,2,3,5,1,4,2,2,5,1,3,5,2,4,4,5,5,1,2,5,2,2,1,3
Có,Nữ,18-25,Sản xuất,1-5 năm,Hàng ngày,3,5,5,2,2,5,1,3,3,3,5,2,3,2,2,5,4,5,4,4,5,4,2,5,2,1
Có,Nam,26-35,Sản xuất,1-5 năm,Hàng ngày,2,4,1,4,3,2,3,3,2,3,2,2,2,1,2,1,2,4,5,5,1,5,5,2,2,3
Có,Nữ,18-25,Bán hàng và Tiếp thị,1-5 năm,Hàng ngày,2,3,4,4,4,2,4,2,5,5,3,3,1,1,5,2,4,2,5,3,4,5,1,3,1,3
Có,Nữ,18-25,Nhân sự,5-10 năm,Hàng tuần,5,4,1,1,5,2,5,5,2,4,1,4,3,2,2,1,2,4,1,4,5,4,1,2,5,3
Có,Nữ,18-25,Bán hàng và Tiếp thị,1-5 năm,Hàng ngày,2,3,1,3,2,5,2,2,2,5,3,4,4,2,4,5,1,1,4,5,4,2,2,1,2,4
Có,Nam,18-25,Bán hàng và Tiếp thị,5-10 năm,Hàng tuần,2,4,4,2,3,4,1,3,1,1,2,3,1,1,3,4,1,4,4,5,4,1,4,2,2,1
Có,Nam,36-45,Tài chính,1-5 năm,Hàng ngày,2,3,2,3,1,3,2,1,2,2,4,3,3,2,4,3,3,4,2,4,3,2,1,3,4,2
Có,Nữ,26-35,Bán hàng và Tiếp thị,1-5 năm,Hàng tháng,3,5,3,1,4,2,5,3,2,1,3,5,3,2,2,5,5,5,3,5,1,4,4,1,1,2
Có,Nữ,36-45,Nhân sự,5-10 năm,Hàng tháng,4,2,2,2,2,3,4,5,2,5,2,3,4,1,5,2,5,3,3,4,1,5,4,5,4,3
Có,Nữ,36-45,Nghiên cứu và Phát triển,1-5 năm,Hàng ngày,1,3,1,3,2,1,2,4,1,3,5,2,5,3,3,1,3,5,1,1,4,3,3,5,1,4
Không,,,,,,,,,,,,,,,,,,,,,,,,,,,,,,,
Có,Nữ,36-45,Bán hàng và Tiếp thị,Dưới 1 năm,Hàng ngày,1,1,1,4,4,2,1,2,1,3,4,2,2,1,2,2,2,4,3,4,1,2,1,2,4,2
Không,,,,,,,,,,,,,,,,,,,,,,,,,,,,,,,
Có,Nữ,26-35,Bán hàng và Tiếp thị,1-5 năm,Hàng ngày,5,1,4,4,5,4,3,3,3,5,1,4,2,2,2,1,5,4,1,3,5,5,1,3,5,4
Có,Nam,18-25,Sản xuất,5-10 năm,Hàng ngày,1,3,1,5,3,3,1,3,3,5,4,5,2,2,4,5,5,5,5,5,2,2,3,4,4,5
Có,Nam,26-35,Nghiên cứu và Phát triển,1-5 năm,Hàng tháng,4,2,3,3,5,2,5,2,1,5,3,1,4,5,3,3,5,2,4,2,3,4,3,1,2,4
Có,Nữ,26-35,Bán hàng và Tiếp thị,5-10 năm,Hàng tuần,3,1,3,1,1,4,3,1,5,4,2,5,5,4,5,2,4,4,1,5,4,3,3,4,3,5
Có,Nữ,18-25,Bán hàng và Tiếp thị,5-10 năm,Hàng tuần,2,4,2,4,5,3,4,3,2,2,4,2,1,5,2,1,3,5,4,3,1,1,3,1,2,4
Có,Nữ,26-35,Nghiên cứu và Phát triển,1-5 năm,Hàng ngày,5,5,3,2,5,3,3,5,3,1,5,3,5,4,1,2,5,4,3,4,1,1,1,2,1,5
Có,Nam,18-25,Bán hàng và Tiếp thị,1-5 năm,Hàng ngày,1,4,1,5,1,4,4,4,2,2,4,3,2,1,3,3,5,4,1,3,3,1,4,3,2,4
Không,,,,,,,,,,,,,,,,,,,,,,,,,,,,,,,
Không,,,,,,,,,,,,,,,,,,,,,,,,,,,,,,,
Không,,,,,,,,,,,,,,,,,,,,,,,,,,,,,,,
Có,Nam,26-35,Bán hàng và Tiếp thị,Dưới 1 năm,Hàng ngày,5,4,5,4,5,3,3,3,4,3,4,5,3,5,5,5,4,1,3,2,3,2,4,4,1,2
Có,Nam,26-35,Nghiên cứu và Phát triển,1-5 năm,Hàng ngày,4,2,2,3,5,1,3,2,5,2,4,3,5,4,3,2,3,4,2,5,2,2,5,1,4,1
Có,Nam,26-35,Nghiên cứu và Phát triển,5-10 năm,Hàng ngày,5,2,4,1,1,3,2,2,5,3,3,3,3,5,2,2,2,3,2,4,3,3,4,2,5,3
Có,Nữ,36-45,Nhân sự,1-5 năm,Hàng ngày,2,3,3,3,3,5,3,1,2,2,2,3,5,4,4,1,2,5,4,5,3,5,2,2,4,2
Có,Nam,36-45,Tài chính,5-10 năm,Hàng tuần,3,3,3,5,3,5,1,3,3,2,4,5,4,1,3,4,5,4,5,3,5,3,2,5,4,4
Không,,,,,,,,,,,,,,,,,,,,,,,,,,,,,,,
Có,Nam,36-45,Nhân sự,5-10 năm,Hiếm khi,5,2,1,3,3,3,3,3,1,4,2,3,4,4,1,2,1,3,2,2,4,5,5,5,2,5
